{"columns":["score","sim length"],"index":[0,1,2,3,4,5,6,7,8,9,10,11,12,13,14,15,16,17,18,19,20,21,22,23,24,25,26,27,28,29,30,31,32,33,34,35,36,37,38,39,40,41,42,43,44,45,46,47,48,49,50,51,52,53,54,55,56,57,58,59,60,61,62,63,64,65,66,67,68,69,70,71,72,73,74,75,76,77,78,79,80,81,82,83,84,85,86,87,88,89,90,91,92,93,94,95,96,97,98,99,100,101,102,103,104,105,106,107,108,109,110,111,112,113,114,115,116,117,118,119,120,121,122,123,124,125,126,127,128,129,130,131,132,133,134,135,136,137,138,139,140,141,142,143,144,145,146,147,148,149,150,151,152,153,154,155,156,157,158,159,160,161,162,163,164,165,166,167,168,169,170,171,172,173,174,175,176,177,178,179,180,181],"data":[[0.9662071466,10],[0.8101904988,8],[0.9834170341,14],[0.8990935683,9],[0.9634533525,16],[0.9360835552,12],[0.9287931919,13],[0.9442936182,8],[0.4835608602,6],[0.7249807119,8],[0.9324765205,6],[0.901994586,7],[0.8904412985,13],[0.8850729465,7],[0.7087059021,10],[0.8771047592,10],[0.8764475584,15],[0.8073052764,12],[0.921441257,12],[0.8006948233,6],[0.8731316328,14],[0.7183607817,15],[0.9335289001,9],[0.9309340119,6],[0.8965839148,7],[0.7158690095,9],[0.9592754841,7],[0.8890818954,6],[0.9256538749,9],[0.915114224,10],[0.8868407607,7],[0.7853590846,3],[0.8320941925,4],[0.9044725299,5],[0.8819419742,16],[0.9147820473,10],[0.8372664452,7],[0.9241326451,6],[0.8137190938,4],[0.9280836582,6],[0.9453810453,6],[0.8395249844,7],[0.6853677034,3],[0.9303371906,6],[0.9095504284,11],[0.8231794834,9],[0.7931242585,6],[0.8881857991,11],[0.8058832884,7],[0.7017730474,7],[0.9570885897,12],[0.9247037768,5],[0.9179299474,5],[0.7987816334,7],[0.8760237694,4],[0.8629450798,19],[0.8221065998,9],[0.8804194927,2],[0.9018763304,13],[0.8227112293,5],[0.9271725416,9],[0.757445097,10],[0.8540513515,6],[0.8597979546,5],[0.9287695289,6],[0.8007144332,4],[0.7777998447,6],[0.7801686525,9],[0.9504438639,6],[0.8970423341,11],[0.9076209068,6],[0.8962483406,4],[0.9421746731,8],[0.7692217231,7],[0.7668030262,10],[0.9168522358,8],[0.9167180657,10],[0.8289034963,5],[0.8846577406,8],[0.8064455986,5],[0.9398390055,5],[0.6766148806,6],[0.8635782599,9],[0.939863205,7],[0.920065999,10],[0.9072487354,4],[0.9041584134,10],[0.7622433901,5],[0.9390590191,9],[0.7831038237,6],[0.7790127993,11],[0.7297002673,8],[0.9675149918,10],[0.7635130882,5],[0.6082689762,7],[0.8487706184,3],[0.7143205404,5],[0.779312551,4],[0.8177033663,9],[0.5868558884,10],[0.2433001101,17],[0.8259305954,6],[0.9423092008,7],[0.8383857012,4],[0.8272762299,10],[0.8804938793,9],[0.8235462904,11],[0.9423577189,9],[0.9046636224,10],[0.9183254838,7],[0.9067156315,10],[0.7276907563,11],[0.8485105038,8],[0.9494540691,8],[0.9077519178,12],[0.7759965658,9],[0.8498933911,11],[0.7877291441,13],[0.877679944,15],[0.8778207302,11],[0.9447540045,12],[0.8233779669,11],[0.9185063243,9],[0.8986499906,8],[0.9501519203,6],[0.8573158979,6],[0.8491185904,12],[0.8392224908,8],[0.8992857933,8],[0.9414414763,10],[0.950678587,8],[0.9177762866,6],[0.9523956776,9],[0.8369814157,5],[0.8470803499,17],[0.7976212502,9],[0.9335305095,12],[0.8657342196,8],[0.862236917,11],[0.9118534327,6],[0.8222180605,12],[0.5131630898,7],[0.7261141539,6],[0.8312929869,11],[0.8249348402,7],[0.8847358227,5],[0.7545952797,10],[0.7751396894,5],[0.8782302141,8],[0.7275041938,9],[0.8483690023,13],[0.9285843968,3],[0.9017706513,10],[0.838609457,12],[0.7891937494,7],[0.8744035959,9],[0.9405664802,9],[0.9430505037,6],[0.7310547829,10],[0.7964686155,6],[0.8598628044,6],[0.8523181081,9],[0.7649037838,10],[0.8296768665,7],[0.9066933393,12],[0.9381443858,8],[0.8655936718,10],[0.8474304676,5],[0.9192377329,14],[0.8950114846,4],[0.7625799179,16],[0.844537437,7],[0.9553172588,9],[0.8286780119,6],[0.9098395705,15],[0.9145185947,8],[0.8538756371,4],[0.8641294241,6],[0.9383154511,8],[0.8603211641,12],[0.9468474984,17],[0.737260282,4]]}