{"columns":["score","sim length"],"index":[0,1,2,3,4,5,6,7,8,9,10,11,12,13,14,15,16,17,18,19,20,21,22,23,24,25,26,27,28,29,30,31,32,33,34,35,36,37,38,39,40,41,42,43,44,45,46,47,48,49,50,51,52,53,54,55,56,57,58,59,60,61,62,63,64,65,66,67,68,69,70,71,72,73,74,75,76,77,78,79,80,81,82,83,84,85,86,87,88,89,90,91,92,93,94,95,96,97,98,99,100,101,102,103,104,105,106,107,108,109,110,111,112,113,114,115,116,117,118,119,120,121,122,123,124,125,126,127,128,129,130,131,132,133,134,135,136,137,138,139,140,141,142,143,144,145,146,147,148,149,150,151,152,153,154,155,156,157,158,159,160,161,162,163,164,165,166,167,168,169,170,171,172,173,174,175,176,177,178,179,180,181],"data":[[0.9975290895,0.2],[0.9897944927,0.3125],[0.9993879199,0.1071428571],[0.9808884859,0.2222222222],[0.9986881614,0.25],[0.9962154031,0.3333333333],[0.9972361326,0.2307692308],[0.9978560209,0.375],[0.9890229702,0.9166666667],[0.9658031464,0.5],[0.986264348,0.5],[0.9284069538,0.4285714286],[0.9984723926,0.1538461538],[0.9974094033,0.2857142857],[0.9839974642,0.25],[0.9896646142,0.25],[0.9897581339,0.1666666667],[0.9955679178,0.0833333333],[0.9977517724,0.1666666667],[0.9779350758,0.3333333333],[0.9958018064,0.0714285714],[0.9895547628,0.0666666667],[0.9918639064,0.2777777778],[0.9918721318,0.4166666667],[0.9952090979,0.4285714286],[0.9804074764,0.3333333333],[0.9981742501,0.3571428571],[0.9918512106,0.4166666667],[0.9801145792,0.5555555556],[0.9948115349,0.45],[0.994466722,0.3571428571],[0.9933609366,0.8333333333],[0.9970338941,0.625],[0.9972078204,0.6],[0.9986959696,0.125],[0.9960535169,0.25],[0.8943974972,0.5],[0.9822152853,0.4166666667],[0.9684207439,0.875],[0.9956170917,0.4166666667],[0.9756095409,0.4166666667],[0.992043674,0.3571428571],[0.9770829082,1.6666666667],[0.996239841,0.4166666667],[0.9866325855,0.2727272727],[0.9905440807,0.3888888889],[0.9786176085,0.4166666667],[0.9954682589,0.3181818182],[0.9926108122,0.5714285714],[0.9800914526,0.6428571429],[0.9948755503,0.1666666667],[0.9943032265,0.5],[0.9936739206,1.3],[0.9941614866,0.6428571429],[0.9473060369,0.875],[0.9906460047,0.1052631579],[0.9933698177,0.4444444444],[0.9806469679,2.0],[0.9818396568,0.3076923077],[0.991169095,0.8],[0.9771507382,0.5555555556],[0.9900598526,0.5],[0.9737911224,0.5],[0.9396793842,0.8],[0.9979861379,0.5],[0.9826227427,1.375],[0.9796609879,0.5833333333],[0.9854146242,0.4444444444],[0.9950380921,0.5],[0.9945613742,0.2727272727],[0.9716854095,0.8333333333],[0.9674309492,1.375],[0.9920640588,0.375],[0.9925168753,0.3571428571],[0.9989786744,0.35],[0.9927904606,0.5],[0.9915853143,0.4],[0.9275587797,0.8],[0.997747004,0.375],[0.8572705388,0.7],[0.996276319,0.8],[0.9881805182,0.8333333333],[0.9940481782,0.3888888889],[0.9955191016,0.5],[0.9928330183,0.6],[0.9685637951,1.75],[0.9977142215,0.2],[0.9124874473,0.6],[0.9759229422,0.5555555556],[0.9887089729,0.8333333333],[0.9801088572,0.1363636364],[0.9925246835,0.4375],[0.9985574484,0.2],[0.9940292239,0.6],[0.971565485,0.3571428571],[0.9840248227,1.3333333333],[0.973115027,0.7],[0.9887012243,1.125],[0.9986315966,0.1666666667],[0.9851863384,0.15],[0.9893799424,0.1764705882],[0.9861906171,0.4166666667],[0.9969161749,0.2857142857],[0.9877232313,1.75],[0.9828966856,0.5],[0.9449964762,0.6111111111],[0.9789866209,0.2272727273],[0.9874711633,0.3333333333],[0.9848864079,0.4],[0.97355479,0.7142857143],[0.978117466,0.6],[0.9724845886,0.3181818182],[0.9913740158,0.3125],[0.8992626667,0.3125],[0.9965214729,0.2916666667],[0.9954856634,0.3333333333],[0.9972785115,0.4545454545],[0.9960319996,0.3461538462],[0.9892964959,0.3333333333],[0.9669839144,0.4545454545],[0.9938127398,0.4166666667],[0.9932844639,0.5],[0.987326026,0.3333333333],[0.9926561117,0.375],[0.9850910902,0.4166666667],[0.9928249121,0.1666666667],[0.9958180189,0.375],[0.9874526858,0.5],[0.9900455475,0.3125],[0.994191885,0.25],[0.9927397966,0.25],[0.9861341119,0.3333333333],[0.9903218746,0.3888888889],[0.9951888323,0.8],[0.9947392941,0.2941176471],[0.9896757603,0.5555555556],[0.9993004203,0.25],[0.9807456136,0.375],[0.9860785604,0.2272727273],[0.9940921068,0.4166666667],[0.9968514442,0.25],[0.9876477718,0.9285714286],[0.8797288537,0.4166666667],[0.9888691902,0.2272727273],[0.9672008157,0.5714285714],[0.9848940969,0.7],[0.9225142002,0.25],[0.9609640837,0.5],[0.9892456532,0.25],[0.9387899041,0.2777777778],[0.9968870282,0.3076923077],[0.9916197062,1.6666666667],[0.9857181311,0.6],[0.962095499,0.5],[0.9900068045,0.5],[0.9948277473,0.3888888889],[0.9989647269,0.3333333333],[0.9881606102,0.5833333333],[0.9451519251,0.35],[0.9915465117,0.8333333333],[0.9974721074,0.3333333333],[0.9955606461,0.2222222222],[0.9873337746,0.3],[0.9762196541,0.4285714286],[0.986068964,0.375],[0.9406688809,0.5625],[0.983335793,0.4],[0.9894578457,0.6],[0.9987945557,0.1785714286],[0.9971265793,1.25],[0.9927750826,0.25],[0.9940335751,0.5714285714],[0.9918180108,0.5],[0.9674874544,0.8333333333],[0.9967932701,0.3666666667],[0.9835332632,0.625],[0.9828266501,0.625],[0.9693875313,0.6666666667],[0.9979373217,0.375],[0.9951484799,0.2083333333],[0.9779437184,0.1764705882],[0.8009237051,0.75]]}