{"columns":["score","sim length"],"index":[0,1,2,3,4,5,6,7,8,9,10,11,12,13,14,15,16,17,18,19,20,21,22,23,24,25,26,27,28,29,30,31,32,33,34,35,36,37,38,39,40,41,42,43,44,45,46,47,48,49,50,51,52,53,54,55,56,57,58,59,60,61,62,63,64,65,66,67,68,69,70,71,72,73,74,75,76,77,78,79,80,81,82,83,84,85,86,87,88,89,90,91,92,93,94,95,96,97,98,99,100,101,102,103,104,105,106,107,108,109,110,111,112,113,114,115,116,117,118,119,120,121,122,123,124,125,126,127,128,129,130,131,132,133,134,135,136,137,138,139,140,141,142,143,144,145,146,147,148,149,150,151,152,153,154,155,156,157,158,159,160,161,162,163,164,165,166,167,168,169,170,171,172,173,174,175,176,177,178,179,180,181],"data":[[0.9975290895,10],[0.9897944927,8],[0.9993879199,14],[0.9808884859,9],[0.9986881614,16],[0.9962154031,12],[0.9972361326,13],[0.9978560209,8],[0.9890229702,6],[0.9658031464,8],[0.986264348,6],[0.9284069538,7],[0.9984723926,13],[0.9974094033,7],[0.9839974642,10],[0.9896646142,10],[0.9897581339,15],[0.9955679178,12],[0.9977517724,12],[0.9779350758,6],[0.9958018064,14],[0.9895547628,15],[0.9918639064,9],[0.9918721318,6],[0.9952090979,7],[0.9804074764,9],[0.9981742501,7],[0.9918512106,6],[0.9801145792,9],[0.9948115349,10],[0.994466722,7],[0.9933609366,3],[0.9970338941,4],[0.9972078204,5],[0.9986959696,16],[0.9960535169,10],[0.8943974972,7],[0.9822152853,6],[0.9684207439,4],[0.9956170917,6],[0.9756095409,6],[0.992043674,7],[0.9770829082,3],[0.996239841,6],[0.9866325855,11],[0.9905440807,9],[0.9786176085,6],[0.9954682589,11],[0.9926108122,7],[0.9800914526,7],[0.9948755503,12],[0.9943032265,5],[0.9936739206,5],[0.9941614866,7],[0.9473060369,4],[0.9906460047,19],[0.9933698177,9],[0.9806469679,2],[0.9818396568,13],[0.991169095,5],[0.9771507382,9],[0.9900598526,10],[0.9737911224,6],[0.9396793842,5],[0.9979861379,6],[0.9826227427,4],[0.9796609879,6],[0.9854146242,9],[0.9950380921,6],[0.9945613742,11],[0.9716854095,6],[0.9674309492,4],[0.9920640588,8],[0.9925168753,7],[0.9989786744,10],[0.9927904606,8],[0.9915853143,10],[0.9275587797,5],[0.997747004,8],[0.8572705388,5],[0.996276319,5],[0.9881805182,6],[0.9940481782,9],[0.9955191016,7],[0.9928330183,10],[0.9685637951,4],[0.9977142215,10],[0.9124874473,5],[0.9759229422,9],[0.9887089729,6],[0.9801088572,11],[0.9925246835,8],[0.9985574484,10],[0.9940292239,5],[0.971565485,7],[0.9840248227,3],[0.973115027,5],[0.9887012243,4],[0.9986315966,9],[0.9851863384,10],[0.9893799424,17],[0.9861906171,6],[0.9969161749,7],[0.9877232313,4],[0.9828966856,10],[0.9449964762,9],[0.9789866209,11],[0.9874711633,9],[0.9550475478,7],[0.97355479,7],[0.978117466,10],[0.9724845886,11],[0.9913740158,8],[0.8992626667,8],[0.9965214729,12],[0.9954856634,9],[0.9972785115,11],[0.9967767,15],[0.9892964959,15],[0.9669839144,11],[0.9938127398,12],[0.9932844639,11],[0.987326026,9],[0.9926561117,8],[0.9850910902,6],[0.9928249121,6],[0.9958180189,12],[0.9874526858,8],[0.9900455475,8],[0.994191885,10],[0.9927397966,8],[0.9861341119,6],[0.9903218746,9],[0.9951888323,5],[0.9947392941,17],[0.9896757603,9],[0.9993004203,12],[0.9807456136,8],[0.9860785604,11],[0.9940921068,6],[0.9968514442,12],[0.9876477718,7],[0.8797288537,6],[0.9888691902,11],[0.9672008157,7],[0.9848940969,5],[0.9225142002,10],[0.9609640837,5],[0.9892456532,8],[0.9387899041,9],[0.9968870282,13],[0.9916197062,3],[0.9857181311,10],[0.962095499,12],[0.9900068045,7],[0.9948277473,9],[0.9989647269,9],[0.9881606102,6],[0.9451519251,10],[0.9915465117,6],[0.9974721074,6],[0.9955606461,9],[0.9274286032,2],[0.9762196541,7],[0.986068964,12],[0.9406688809,8],[0.983335793,10],[0.9894578457,5],[0.9987945557,14],[0.9971265793,4],[0.9927750826,16],[0.9940335751,7],[0.9918180108,9],[0.9674874544,6],[0.9967932701,15],[0.9835332632,8],[0.9828266501,4],[0.9693875313,6],[0.9979373217,8],[0.9915858507,13],[0.9779437184,17],[0.8009237051,4]]}